{
  "best_model": "xgboost",
  "results": {
    "random_forest": {
      "accuracy": 0.9514840182648402,
      "precision": 0.8708010335917312,
      "recall": 0.9059139784946236,
      "f1": 0.8880105401844532,
      "roc_auc": 0.9851785296867696,
      "confusion_matrix": [
        [
          2660,
          100
        ],
        [
          70,
          674
        ]
      ]
    },
    "xgboost": {
      "accuracy": 0.9671803652968036,
      "precision": 0.9121887287024901,
      "recall": 0.9354838709677419,
      "f1": 0.9236894492368944,
      "roc_auc": 0.9887111383824218,
      "confusion_matrix": [
        [
          2693,
          67
        ],
        [
          48,
          696
        ]
      ]
    }
  }
}